file,line,type,commit,author,date,time,timezone,datetime,depth,length
styles.css,1,css,9b254fb8,owen-m1ller,2025-04-11,17:14:42,-07:00,2025-04-11T17:14:42-07:00,0,6
styles.css,2,css,efec829c,owen-m1ller,2025-04-18,14:27:55,-07:00,2025-04-18T14:27:55-07:00,0,32
styles.css,3,css,efec829c,owen-m1ller,2025-04-18,14:27:55,-07:00,2025-04-18T14:27:55-07:00,0,24
styles.css,4,css,9b254fb8,owen-m1ller,2025-04-11,17:14:42,-07:00,2025-04-11T17:14:42-07:00,0,0
styles.css,5,css,9b254fb8,owen-m1ller,2025-04-11,17:14:42,-07:00,2025-04-11T17:14:42-07:00,0,0
styles.css,6,css,345d7166,owen-m1ller,2025-04-11,15:58:33,-07:00,2025-04-11T15:58:33-07:00,0,5
styles.css,7,css,345d7166,owen-m1ller,2025-04-11,15:58:33,-07:00,2025-04-11T15:58:33-07:00,0,44
styles.css,8,css,345d7166,owen-m1ller,2025-04-11,15:58:33,-07:00,2025-04-11T15:58:33-07:00,0,43
styles.css,9,css,345d7166,owen-m1ller,2025-04-11,15:58:33,-07:00,2025-04-11T15:58:33-07:00,0,1
styles.css,10,css,345d7166,owen-m1ller,2025-04-11,15:58:33,-07:00,2025-04-11T15:58:33-07:00,0,24
styles.css,11,css,9b254fb8,owen-m1ller,2025-04-11,17:14:42,-07:00,2025-04-11T17:14:42-07:00,0,16
styles.css,12,css,9b254fb8,owen-m1ller,2025-04-11,17:14:42,-07:00,2025-04-11T17:14:42-07:00,0,43
styles.css,13,css,9b254fb8,owen-m1ller,2025-04-11,17:14:42,-07:00,2025-04-11T17:14:42-07:00,0,0
styles.css,14,css,9b254fb8,owen-m1ller,2025-04-11,17:14:42,-07:00,2025-04-11T17:14:42-07:00,0,0
styles.css,15,css,9b254fb8,owen-m1ller,2025-04-11,17:14:42,-07:00,2025-04-11T17:14:42-07:00,0,4
styles.css,16,css,efec829c,owen-m1ller,2025-04-18,14:27:55,-07:00,2025-04-18T14:27:55-07:00,0,40
styles.css,17,css,9b254fb8,owen-m1ller,2025-04-11,17:14:42,-07:00,2025-04-11T17:14:42-07:00,0,13
styles.css,18,css,9b254fb8,owen-m1ller,2025-04-11,17:14:42,-07:00,2025-04-11T17:14:42-07:00,0,18
styles.css,19,css,9b254fb8,owen-m1ller,2025-04-11,17:14:42,-07:00,2025-04-11T17:14:42-07:00,0,24
styles.css,20,css,9b254fb8,owen-m1ller,2025-04-11,17:14:42,-07:00,2025-04-11T17:14:42-07:00,0,26
styles.css,21,css,efec829c,owen-m1ller,2025-04-18,14:27:55,-07:00,2025-04-18T14:27:55-07:00,0,40
styles.css,22,css,9b254fb8,owen-m1ller,2025-04-11,17:14:42,-07:00,2025-04-11T17:14:42-07:00,0,0
styles.css,23,css,9b254fb8,owen-m1ller,2025-04-11,17:14:42,-07:00,2025-04-11T17:14:42-07:00,0,0
styles.css,24,css,9b254fb8,owen-m1ller,2025-04-11,17:14:42,-07:00,2025-04-11T17:14:42-07:00,0,2
styles.css,25,css,9b254fb8,owen-m1ller,2025-04-11,17:14:42,-07:00,2025-04-11T17:14:42-07:00,0,7
styles.css,26,css,9b254fb8,owen-m1ller,2025-04-11,17:14:42,-07:00,2025-04-11T17:14:42-07:00,0,21
styles.css,27,css,9b254fb8,owen-m1ller,2025-04-11,17:14:42,-07:00,2025-04-11T17:14:42-07:00,0,14
styles.css,28,css,9b254fb8,owen-m1ller,2025-04-11,17:14:42,-07:00,2025-04-11T17:14:42-07:00,0,18
styles.css,29,css,9b254fb8,owen-m1ller,2025-04-11,17:14:42,-07:00,2025-04-11T17:14:42-07:00,0,14
styles.css,30,css,9b254fb8,owen-m1ller,2025-04-11,17:14:42,-07:00,2025-04-11T17:14:42-07:00,0,0
styles.css,31,css,9b254fb8,owen-m1ller,2025-04-11,17:14:42,-07:00,2025-04-11T17:14:42-07:00,0,0
styles.css,32,css,9b254fb8,owen-m1ller,2025-04-11,17:14:42,-07:00,2025-04-11T17:14:42-07:00,0,9
styles.css,33,css,9b254fb8,owen-m1ller,2025-04-11,17:14:42,-07:00,2025-04-11T17:14:42-07:00,0,25
styles.css,34,css,efec829c,owen-m1ller,2025-04-18,14:27:55,-07:00,2025-04-18T14:27:55-07:00,0,40
styles.css,35,css,9b254fb8,owen-m1ller,2025-04-11,17:14:42,-07:00,2025-04-11T17:14:42-07:00,0,20
styles.css,36,css,9b254fb8,owen-m1ller,2025-04-11,17:14:42,-07:00,2025-04-11T17:14:42-07:00,0,26
styles.css,37,css,9b254fb8,owen-m1ller,2025-04-11,17:14:42,-07:00,2025-04-11T17:14:42-07:00,0,0
styles.css,38,css,9b254fb8,owen-m1ller,2025-04-11,17:14:42,-07:00,2025-04-11T17:14:42-07:00,0,0
styles.css,39,css,9b254fb8,owen-m1ller,2025-04-11,17:14:42,-07:00,2025-04-11T17:14:42-07:00,0,8
styles.css,40,css,9b254fb8,owen-m1ller,2025-04-11,17:14:42,-07:00,2025-04-11T17:14:42-07:00,0,25
styles.css,41,css,9b254fb8,owen-m1ller,2025-04-11,17:14:42,-07:00,2025-04-11T17:14:42-07:00,0,37
styles.css,42,css,9b254fb8,owen-m1ller,2025-04-11,17:14:42,-07:00,2025-04-11T17:14:42-07:00,0,20
styles.css,43,css,9b254fb8,owen-m1ller,2025-04-11,17:14:42,-07:00,2025-04-11T17:14:42-07:00,0,26
styles.css,44,css,9b254fb8,owen-m1ller,2025-04-11,17:14:42,-07:00,2025-04-11T17:14:42-07:00,0,0
styles.css,45,css,9b254fb8,owen-m1ller,2025-04-11,17:14:42,-07:00,2025-04-11T17:14:42-07:00,0,0
styles.css,46,css,9b254fb8,owen-m1ller,2025-04-11,17:14:42,-07:00,2025-04-11T17:14:42-07:00,0,6
styles.css,47,css,9b254fb8,owen-m1ller,2025-04-11,17:14:42,-07:00,2025-04-11T17:14:42-07:00,0,13
styles.css,48,css,9b254fb8,owen-m1ller,2025-04-11,17:14:42,-07:00,2025-04-11T17:14:42-07:00,0,0
styles.css,49,css,9b254fb8,owen-m1ller,2025-04-11,17:14:42,-07:00,2025-04-11T17:14:42-07:00,0,0
styles.css,50,css,9b254fb8,owen-m1ller,2025-04-11,17:14:42,-07:00,2025-04-11T17:14:42-07:00,0,9
styles.css,51,css,9b254fb8,owen-m1ller,2025-04-11,17:14:42,-07:00,2025-04-11T17:14:42-07:00,0,13
styles.css,52,css,9b254fb8,owen-m1ller,2025-04-11,17:14:42,-07:00,2025-04-11T17:14:42-07:00,0,0
styles.css,53,css,9b254fb8,owen-m1ller,2025-04-11,17:14:42,-07:00,2025-04-11T17:14:42-07:00,0,0
styles.css,54,css,9b254fb8,owen-m1ller,2025-04-11,17:14:42,-07:00,2025-04-11T17:14:42-07:00,0,7
styles.css,55,css,9b254fb8,owen-m1ller,2025-04-11,17:14:42,-07:00,2025-04-11T17:14:42-07:00,0,13
styles.css,56,css,9b254fb8,owen-m1ller,2025-04-11,17:14:42,-07:00,2025-04-11T17:14:42-07:00,0,0
styles.css,57,css,9b254fb8,owen-m1ller,2025-04-11,17:14:42,-07:00,2025-04-11T17:14:42-07:00,0,0
styles.css,58,css,9b254fb8,owen-m1ller,2025-04-11,17:14:42,-07:00,2025-04-11T17:14:42-07:00,0,5
styles.css,59,css,9b254fb8,owen-m1ller,2025-04-11,17:14:42,-07:00,2025-04-11T17:14:42-07:00,0,13
styles.css,60,css,9b254fb8,owen-m1ller,2025-04-11,17:14:42,-07:00,2025-04-11T17:14:42-07:00,0,31
styles.css,61,css,9b254fb8,owen-m1ller,2025-04-11,17:14:42,-07:00,2025-04-11T17:14:42-07:00,0,8
styles.css,62,css,9b254fb8,owen-m1ller,2025-04-11,17:14:42,-07:00,2025-04-11T17:14:42-07:00,0,0
styles.css,63,css,9b254fb8,owen-m1ller,2025-04-11,17:14:42,-07:00,2025-04-11T17:14:42-07:00,0,0
styles.css,64,css,9b254fb8,owen-m1ller,2025-04-11,17:14:42,-07:00,2025-04-11T17:14:42-07:00,0,6
styles.css,65,css,9b254fb8,owen-m1ller,2025-04-11,17:14:42,-07:00,2025-04-11T17:14:42-07:00,0,13
styles.css,66,css,9b254fb8,owen-m1ller,2025-04-11,17:14:42,-07:00,2025-04-11T17:14:42-07:00,0,30
styles.css,67,css,9b254fb8,owen-m1ller,2025-04-11,17:14:42,-07:00,2025-04-11T17:14:42-07:00,0,19
styles.css,68,css,9b254fb8,owen-m1ller,2025-04-11,17:14:42,-07:00,2025-04-11T17:14:42-07:00,0,0
styles.css,69,css,9b254fb8,owen-m1ller,2025-04-11,17:14:42,-07:00,2025-04-11T17:14:42-07:00,0,0
styles.css,70,css,9b254fb8,owen-m1ller,2025-04-11,17:14:42,-07:00,2025-04-11T17:14:42-07:00,0,10
styles.css,71,css,9b254fb8,owen-m1ller,2025-04-11,17:14:42,-07:00,2025-04-11T17:14:42-07:00,0,13
styles.css,72,css,9b254fb8,owen-m1ller,2025-04-11,17:14:42,-07:00,2025-04-11T17:14:42-07:00,0,59
styles.css,73,css,9b254fb8,owen-m1ller,2025-04-11,17:14:42,-07:00,2025-04-11T17:14:42-07:00,0,9
styles.css,74,css,9b254fb8,owen-m1ller,2025-04-11,17:14:42,-07:00,2025-04-11T17:14:42-07:00,0,0
styles.css,75,css,9b254fb8,owen-m1ller,2025-04-11,17:14:42,-07:00,2025-04-11T17:14:42-07:00,0,0
styles.css,76,css,9b254fb8,owen-m1ller,2025-04-11,17:14:42,-07:00,2025-04-11T17:14:42-07:00,0,8
styles.css,77,css,9b254fb8,owen-m1ller,2025-04-11,17:14:42,-07:00,2025-04-11T17:14:42-07:00,0,13
styles.css,78,css,9b254fb8,owen-m1ller,2025-04-11,17:14:42,-07:00,2025-04-11T17:14:42-07:00,0,27
styles.css,79,css,9b254fb8,owen-m1ller,2025-04-11,17:14:42,-07:00,2025-04-11T17:14:42-07:00,0,16
styles.css,80,css,9b254fb8,owen-m1ller,2025-04-11,17:14:42,-07:00,2025-04-11T17:14:42-07:00,0,8
styles.css,81,css,efec829c,owen-m1ller,2025-04-18,14:27:55,-07:00,2025-04-18T14:27:55-07:00,0,0
styles.css,82,css,9b254fb8,owen-m1ller,2025-04-11,17:14:42,-07:00,2025-04-11T17:14:42-07:00,0,0
styles.css,83,css,efec829c,owen-m1ller,2025-04-18,14:27:55,-07:00,2025-04-18T14:27:55-07:00,0,3
styles.css,84,css,efec829c,owen-m1ller,2025-04-18,14:27:55,-07:00,2025-04-18T14:27:55-07:00,0,15
styles.css,85,css,efec829c,owen-m1ller,2025-04-18,14:27:55,-07:00,2025-04-18T14:27:55-07:00,0,16
styles.css,86,css,efec829c,owen-m1ller,2025-04-18,14:27:55,-07:00,2025-04-18T14:27:55-07:00,0,0
styles.css,87,css,9b254fb8,owen-m1ller,2025-04-11,17:14:42,-07:00,2025-04-11T17:14:42-07:00,0,0
styles.css,88,css,efec829c,owen-m1ller,2025-04-18,14:27:55,-07:00,2025-04-18T14:27:55-07:00,0,3
styles.css,89,css,efec829c,owen-m1ller,2025-04-18,14:27:55,-07:00,2025-04-18T14:27:55-07:00,0,16
styles.css,90,css,efec829c,owen-m1ller,2025-04-18,14:27:55,-07:00,2025-04-18T14:27:55-07:00,0,0
styles.css,91,css,9b254fb8,owen-m1ller,2025-04-11,17:14:42,-07:00,2025-04-11T17:14:42-07:00,0,0
styles.css,92,css,efec829c,owen-m1ller,2025-04-18,14:27:55,-07:00,2025-04-18T14:27:55-07:00,0,3
styles.css,93,css,efec829c,owen-m1ller,2025-04-18,14:27:55,-07:00,2025-04-18T14:27:55-07:00,0,16
styles.css,94,css,efec829c,owen-m1ller,2025-04-18,14:27:55,-07:00,2025-04-18T14:27:55-07:00,0,0
styles.css,95,css,efec829c,owen-m1ller,2025-04-18,14:27:55,-07:00,2025-04-18T14:27:55-07:00,0,0
styles.css,96,css,efec829c,owen-m1ller,2025-04-18,14:27:55,-07:00,2025-04-18T14:27:55-07:00,0,3
styles.css,97,css,efec829c,owen-m1ller,2025-04-18,14:27:55,-07:00,2025-04-18T14:27:55-07:00,0,16
styles.css,98,css,efec829c,owen-m1ller,2025-04-18,14:27:55,-07:00,2025-04-18T14:27:55-07:00,0,0
styles.css,99,css,efec829c,owen-m1ller,2025-04-18,14:27:55,-07:00,2025-04-18T14:27:55-07:00,0,0
styles.css,100,css,efec829c,owen-m1ller,2025-04-18,14:27:55,-07:00,2025-04-18T14:27:55-07:00,0,3
styles.css,101,css,efec829c,owen-m1ller,2025-04-18,14:27:55,-07:00,2025-04-18T14:27:55-07:00,0,16
styles.css,102,css,efec829c,owen-m1ller,2025-04-18,14:27:55,-07:00,2025-04-18T14:27:55-07:00,0,0
styles.css,103,css,efec829c,owen-m1ller,2025-04-18,14:27:55,-07:00,2025-04-18T14:27:55-07:00,0,0
styles.css,104,css,efec829c,owen-m1ller,2025-04-18,14:27:55,-07:00,2025-04-18T14:27:55-07:00,0,3
styles.css,105,css,efec829c,owen-m1ller,2025-04-18,14:27:55,-07:00,2025-04-18T14:27:55-07:00,0,16
styles.css,106,css,efec829c,owen-m1ller,2025-04-18,14:27:55,-07:00,2025-04-18T14:27:55-07:00,0,0
styles.css,107,css,efec829c,owen-m1ller,2025-04-18,14:27:55,-07:00,2025-04-18T14:27:55-07:00,0,0
styles.css,108,css,efec829c,owen-m1ller,2025-04-18,14:27:55,-07:00,2025-04-18T14:27:55-07:00,0,8
styles.css,109,css,efec829c,owen-m1ller,2025-04-18,14:27:55,-07:00,2025-04-18T14:27:55-07:00,0,13
styles.css,110,css,efec829c,owen-m1ller,2025-04-18,14:27:55,-07:00,2025-04-18T14:27:55-07:00,0,28
styles.css,111,css,efec829c,owen-m1ller,2025-04-18,14:27:55,-07:00,2025-04-18T14:27:55-07:00,0,0
styles.css,112,css,efec829c,owen-m1ller,2025-04-18,14:27:55,-07:00,2025-04-18T14:27:55-07:00,0,0
styles.css,113,css,efec829c,owen-m1ller,2025-04-18,14:27:55,-07:00,2025-04-18T14:27:55-07:00,0,0
styles.css,114,css,efec829c,owen-m1ller,2025-04-18,14:27:55,-07:00,2025-04-18T14:27:55-07:00,0,8
styles.css,115,css,efec829c,owen-m1ller,2025-04-18,14:27:55,-07:00,2025-04-18T14:27:55-07:00,0,13
styles.css,116,css,efec829c,owen-m1ller,2025-04-18,14:27:55,-07:00,2025-04-18T14:27:55-07:00,0,59
styles.css,117,css,efec829c,owen-m1ller,2025-04-18,14:27:55,-07:00,2025-04-18T14:27:55-07:00,0,9
styles.css,118,css,efec829c,owen-m1ller,2025-04-18,14:27:55,-07:00,2025-04-18T14:27:55-07:00,0,0
styles.css,119,css,efec829c,owen-m1ller,2025-04-18,14:27:55,-07:00,2025-04-18T14:27:55-07:00,0,0
styles.css,120,css,efec829c,owen-m1ller,2025-04-18,14:27:55,-07:00,2025-04-18T14:27:55-07:00,0,14
styles.css,121,css,efec829c,owen-m1ller,2025-04-18,14:27:55,-07:00,2025-04-18T14:27:55-07:00,0,13
styles.css,122,css,efec829c,owen-m1ller,2025-04-18,14:27:55,-07:00,2025-04-18T14:27:55-07:00,0,18
styles.css,123,css,efec829c,owen-m1ller,2025-04-18,14:27:55,-07:00,2025-04-18T14:27:55-07:00,0,9
styles.css,124,css,efec829c,owen-m1ller,2025-04-18,14:27:55,-07:00,2025-04-18T14:27:55-07:00,0,11
styles.css,125,css,efec829c,owen-m1ller,2025-04-18,14:27:55,-07:00,2025-04-18T14:27:55-07:00,0,0
index.js,1,js,7b0e6903,owen-m1ller,2025-04-25,23:08:25,-07:00,2025-04-25T23:08:25-07:00,0,72
index.js,2,js,7b0e6903,owen-m1ller,2025-04-25,23:08:25,-07:00,2025-04-25T23:08:25-07:00,0,0
index.js,3,js,7b0e6903,owen-m1ller,2025-04-25,23:08:25,-07:00,2025-04-25T23:08:25-07:00,0,55
index.js,4,js,7b0e6903,owen-m1ller,2025-04-25,23:08:25,-07:00,2025-04-25T23:08:25-07:00,0,43
index.js,5,js,7b0e6903,owen-m1ller,2025-04-25,23:08:25,-07:00,2025-04-25T23:08:25-07:00,0,61
index.js,6,js,7b0e6903,owen-m1ller,2025-04-25,23:08:25,-07:00,2025-04-25T23:08:25-07:00,0,0
index.js,7,js,7b0e6903,owen-m1ller,2025-04-25,23:08:25,-07:00,2025-04-25T23:08:25-07:00,0,55
index.js,8,js,7b0e6903,owen-m1ller,2025-04-25,23:08:25,-07:00,2025-04-25T23:08:25-07:00,0,0
index.js,9,js,7b0e6903,owen-m1ller,2025-04-25,23:08:25,-07:00,2025-04-25T23:08:25-07:00,0,55
index.js,10,js,7b0e6903,owen-m1ller,2025-04-25,23:08:25,-07:00,2025-04-25T23:08:25-07:00,0,61
index.js,11,js,7b0e6903,owen-m1ller,2025-04-25,23:08:25,-07:00,2025-04-25T23:08:25-07:00,0,0
index.js,12,js,7b0e6903,owen-m1ller,2025-04-25,23:08:25,-07:00,2025-04-25T23:08:25-07:00,0,18
index.js,13,js,7b0e6903,owen-m1ller,2025-04-25,23:08:25,-07:00,2025-04-25T23:08:25-07:00,0,25
index.js,14,js,7b0e6903,owen-m1ller,2025-04-25,23:08:25,-07:00,2025-04-25T23:08:25-07:00,0,3
index.js,15,js,7b0e6903,owen-m1ller,2025-04-25,23:08:25,-07:00,2025-04-25T23:08:25-07:00,0,56
index.js,16,js,7b0e6903,owen-m1ller,2025-04-25,23:08:25,-07:00,2025-04-25T23:08:25-07:00,0,56
index.js,17,js,7b0e6903,owen-m1ller,2025-04-25,23:08:25,-07:00,2025-04-25T23:08:25-07:00,0,50
index.js,18,js,7b0e6903,owen-m1ller,2025-04-25,23:08:25,-07:00,2025-04-25T23:08:25-07:00,0,50
index.js,19,js,7b0e6903,owen-m1ller,2025-04-25,23:08:25,-07:00,2025-04-25T23:08:25-07:00,0,4
index.js,20,js,7b0e6903,owen-m1ller,2025-04-25,23:08:25,-07:00,2025-04-25T23:08:25-07:00,0,1
index.js,21,js,7b0e6903,owen-m1ller,2025-04-25,23:08:25,-07:00,2025-04-25T23:08:25-07:00,0,0
index.html,1,html,99ceb43,owen-m1ller,2025-04-11,15:31:31,-07:00,2025-04-11T15:31:31-07:00,0,14
index.html,2,html,99ceb43,owen-m1ller,2025-04-11,15:31:31,-07:00,2025-04-11T15:31:31-07:00,0,15
index.html,3,html,99ceb43,owen-m1ller,2025-04-11,15:31:31,-07:00,2025-04-11T15:31:31-07:00,0,5
index.html,4,html,99ceb43,owen-m1ller,2025-04-11,15:31:31,-07:00,2025-04-11T15:31:31-07:00,0,21
index.html,5,html,99ceb43,owen-m1ller,2025-04-11,15:31:31,-07:00,2025-04-11T15:31:31-07:00,0,69
index.html,6,html,99ceb43,owen-m1ller,2025-04-11,15:31:31,-07:00,2025-04-11T15:31:31-07:00,0,54
index.html,7,html,20fe64c9,owen-m1ller,2025-04-11,17:23:26,-07:00,2025-04-11T17:23:26-07:00,0,42
index.html,8,html,7b0e6903,owen-m1ller,2025-04-25,23:08:25,-07:00,2025-04-25T23:08:25-07:00,0,51
index.html,9,html,99ceb43,owen-m1ller,2025-04-11,15:31:31,-07:00,2025-04-11T15:31:31-07:00,0,6
index.html,10,html,99ceb43,owen-m1ller,2025-04-11,15:31:31,-07:00,2025-04-11T15:31:31-07:00,0,5
index.html,11,html,84e99fcd,owen-m1ller,2025-04-18,13:32:22,-07:00,2025-04-18T13:32:22-07:00,0,9
index.html,12,html,84e99fcd,owen-m1ller,2025-04-18,13:32:22,-07:00,2025-04-18T13:32:22-07:00,0,19
index.html,13,html,345d7166,owen-m1ller,2025-04-11,15:58:33,-07:00,2025-04-11T15:58:33-07:00,0,69
index.html,14,html,84e99fcd,owen-m1ller,2025-04-18,13:32:22,-07:00,2025-04-18T13:32:22-07:00,0,31
index.html,15,html,84e99fcd,owen-m1ller,2025-04-18,13:32:22,-07:00,2025-04-18T13:32:22-07:00,0,29
index.html,16,html,84e99fcd,owen-m1ller,2025-04-18,13:32:22,-07:00,2025-04-18T13:32:22-07:00,0,27
index.html,17,html,84e99fcd,owen-m1ller,2025-04-18,13:32:22,-07:00,2025-04-18T13:32:22-07:00,0,9
index.html,18,html,99ceb43,owen-m1ller,2025-04-11,15:31:31,-07:00,2025-04-11T15:31:31-07:00,0,3
index.html,19,html,99ceb43,owen-m1ller,2025-04-11,15:31:31,-07:00,2025-04-11T15:31:31-07:00,0,10
index.html,20,html,99ceb43,owen-m1ller,2025-04-11,15:31:31,-07:00,2025-04-11T15:31:31-07:00,0,4
index.html,21,html,99ceb43,owen-m1ller,2025-04-11,15:31:31,-07:00,2025-04-11T15:31:31-07:00,0,2
index.html,22,html,9b254fb8,owen-m1ller,2025-04-11,17:14:42,-07:00,2025-04-11T17:14:42-07:00,0,148
index.html,23,html,99ceb43,owen-m1ller,2025-04-11,15:31:31,-07:00,2025-04-11T15:31:31-07:00,0,3
index.html,24,html,345d7166,owen-m1ller,2025-04-11,15:58:33,-07:00,2025-04-11T15:58:33-07:00,0,0
index.html,25,html,345d7166,owen-m1ller,2025-04-11,15:58:33,-07:00,2025-04-11T15:58:33-07:00,0,60
index.html,26,html,99ceb43,owen-m1ller,2025-04-11,15:31:31,-07:00,2025-04-11T15:31:31-07:00,0,0
index.html,27,html,84e99fcd,owen-m1ller,2025-04-18,13:32:22,-07:00,2025-04-18T13:32:22-07:00,0,46
index.html,28,html,7b0e6903,owen-m1ller,2025-04-25,23:08:25,-07:00,2025-04-25T23:08:25-07:00,0,0
index.html,29,html,7b0e6903,owen-m1ller,2025-04-25,23:08:25,-07:00,2025-04-25T23:08:25-07:00,0,23
index.html,30,html,7b0e6903,owen-m1ller,2025-04-25,23:08:25,-07:00,2025-04-25T23:08:25-07:00,0,27
index.html,31,html,7b0e6903,owen-m1ller,2025-04-25,23:08:25,-07:00,2025-04-25T23:08:25-07:00,0,0
index.html,32,html,7b0e6903,owen-m1ller,2025-04-25,23:08:25,-07:00,2025-04-25T23:08:25-07:00,0,29
index.html,33,html,99ceb43,owen-m1ller,2025-04-11,15:31:31,-07:00,2025-04-11T15:31:31-07:00,0,6
index.html,34,html,99ceb43,owen-m1ller,2025-04-11,15:31:31,-07:00,2025-04-11T15:31:31-07:00,0,6
global.js,1,js,84e99fcd,owen-m1ller,2025-04-18,13:32:22,-07:00,2025-04-18T13:32:22-07:00,0,26
global.js,2,js,84e99fcd,owen-m1ller,2025-04-18,13:32:22,-07:00,2025-04-18T13:32:22-07:00,0,0
global.js,3,js,84e99fcd,owen-m1ller,2025-04-18,13:32:22,-07:00,2025-04-18T13:32:22-07:00,0,40
global.js,4,js,84e99fcd,owen-m1ller,2025-04-18,13:32:22,-07:00,2025-04-18T13:32:22-07:00,0,52
global.js,5,js,84e99fcd,owen-m1ller,2025-04-18,13:32:22,-07:00,2025-04-18T13:32:22-07:00,0,0
global.js,6,js,84e99fcd,owen-m1ller,2025-04-18,13:32:22,-07:00,2025-04-18T13:32:22-07:00,0,0
global.js,7,js,84e99fcd,owen-m1ller,2025-04-18,13:32:22,-07:00,2025-04-18T13:32:22-07:00,0,8
global.js,8,js,84e99fcd,owen-m1ller,2025-04-18,13:32:22,-07:00,2025-04-18T13:32:22-07:00,0,29
global.js,9,js,84e99fcd,owen-m1ller,2025-04-18,13:32:22,-07:00,2025-04-18T13:32:22-07:00,0,34
global.js,10,js,84e99fcd,owen-m1ller,2025-04-18,13:32:22,-07:00,2025-04-18T13:32:22-07:00,0,73
global.js,11,js,84e99fcd,owen-m1ller,2025-04-18,13:32:22,-07:00,2025-04-18T13:32:22-07:00,0,4
global.js,12,js,84e99fcd,owen-m1ller,2025-04-18,13:32:22,-07:00,2025-04-18T13:32:22-07:00,0,40
global.js,13,js,84e99fcd,owen-m1ller,2025-04-18,13:32:22,-07:00,2025-04-18T13:32:22-07:00,0,0
global.js,14,js,84e99fcd,owen-m1ller,2025-04-18,13:32:22,-07:00,2025-04-18T13:32:22-07:00,0,8
global.js,15,js,84e99fcd,owen-m1ller,2025-04-18,13:32:22,-07:00,2025-04-18T13:32:22-07:00,0,12
global.js,16,js,84e99fcd,owen-m1ller,2025-04-18,13:32:22,-07:00,2025-04-18T13:32:22-07:00,0,26
global.js,17,js,84e99fcd,owen-m1ller,2025-04-18,13:32:22,-07:00,2025-04-18T13:32:22-07:00,0,39
global.js,18,js,84e99fcd,owen-m1ller,2025-04-18,13:32:22,-07:00,2025-04-18T13:32:22-07:00,0,37
global.js,19,js,84e99fcd,owen-m1ller,2025-04-18,13:32:22,-07:00,2025-04-18T13:32:22-07:00,0,35
global.js,20,js,84e99fcd,owen-m1ller,2025-04-18,13:32:22,-07:00,2025-04-18T13:32:22-07:00,0,60
global.js,21,js,84e99fcd,owen-m1ller,2025-04-18,13:32:22,-07:00,2025-04-18T13:32:22-07:00,0,1
global.js,22,js,84e99fcd,owen-m1ller,2025-04-18,13:32:22,-07:00,2025-04-18T13:32:22-07:00,0,0
global.js,23,js,84e99fcd,owen-m1ller,2025-04-18,13:32:22,-07:00,2025-04-18T13:32:22-07:00,0,39
global.js,24,js,84e99fcd,owen-m1ller,2025-04-18,13:32:22,-07:00,2025-04-18T13:32:22-07:00,0,26
global.js,25,js,84e99fcd,owen-m1ller,2025-04-18,13:32:22,-07:00,2025-04-18T13:32:22-07:00,0,0
global.js,26,js,84e99fcd,owen-m1ller,2025-04-18,13:32:22,-07:00,2025-04-18T13:32:22-07:00,0,89
global.js,27,js,84e99fcd,owen-m1ller,2025-04-18,13:32:22,-07:00,2025-04-18T13:32:22-07:00,0,47
global.js,28,js,84e99fcd,owen-m1ller,2025-04-18,13:32:22,-07:00,2025-04-18T13:32:22-07:00,0,49
global.js,29,js,84e99fcd,owen-m1ller,2025-04-18,13:32:22,-07:00,2025-04-18T13:32:22-07:00,0,0
global.js,30,js,84e99fcd,owen-m1ller,2025-04-18,13:32:22,-07:00,2025-04-18T13:32:22-07:00,0,21
global.js,31,js,84e99fcd,owen-m1ller,2025-04-18,13:32:22,-07:00,2025-04-18T13:32:22-07:00,0,15
global.js,32,js,84e99fcd,owen-m1ller,2025-04-18,13:32:22,-07:00,2025-04-18T13:32:22-07:00,0,19
global.js,33,js,84e99fcd,owen-m1ller,2025-04-18,13:32:22,-07:00,2025-04-18T13:32:22-07:00,0,53
global.js,34,js,84e99fcd,owen-m1ller,2025-04-18,13:32:22,-07:00,2025-04-18T13:32:22-07:00,0,35
global.js,35,js,84e99fcd,owen-m1ller,2025-04-18,13:32:22,-07:00,2025-04-18T13:32:22-07:00,0,12
global.js,36,js,84e99fcd,owen-m1ller,2025-04-18,13:32:22,-07:00,2025-04-18T13:32:22-07:00,0,21
global.js,37,js,84e99fcd,owen-m1ller,2025-04-18,13:32:22,-07:00,2025-04-18T13:32:22-07:00,0,66
global.js,38,js,84e99fcd,owen-m1ller,2025-04-18,13:32:22,-07:00,2025-04-18T13:32:22-07:00,0,26
global.js,39,js,84e99fcd,owen-m1ller,2025-04-18,13:32:22,-07:00,2025-04-18T13:32:22-07:00,0,0
global.js,40,js,84e99fcd,owen-m1ller,2025-04-18,13:32:22,-07:00,2025-04-18T13:32:22-07:00,0,29
global.js,41,js,84e99fcd,owen-m1ller,2025-04-18,13:32:22,-07:00,2025-04-18T13:32:22-07:00,0,18
global.js,42,js,84e99fcd,owen-m1ller,2025-04-18,13:32:22,-07:00,2025-04-18T13:32:22-07:00,0,0
global.js,43,js,84e99fcd,owen-m1ller,2025-04-18,13:32:22,-07:00,2025-04-18T13:32:22-07:00,0,13
global.js,44,js,efec829c,owen-m1ller,2025-04-18,14:27:55,-07:00,2025-04-18T14:27:55-07:00,0,0
global.js,45,js,efec829c,owen-m1ller,2025-04-18,14:27:55,-07:00,2025-04-18T14:27:55-07:00,0,0
global.js,46,js,efec829c,owen-m1ller,2025-04-18,14:27:55,-07:00,2025-04-18T14:27:55-07:00,0,32
global.js,47,js,efec829c,owen-m1ller,2025-04-18,14:27:55,-07:00,2025-04-18T14:27:55-07:00,0,12
global.js,48,js,efec829c,owen-m1ller,2025-04-18,14:27:55,-07:00,2025-04-18T14:27:55-07:00,0,0
global.js,49,js,efec829c,owen-m1ller,2025-04-18,14:27:55,-07:00,2025-04-18T14:27:55-07:00,0,27
global.js,50,js,efec829c,owen-m1ller,2025-04-18,14:27:55,-07:00,2025-04-18T14:27:55-07:00,0,5
global.js,51,js,efec829c,owen-m1ller,2025-04-18,14:27:55,-07:00,2025-04-18T14:27:55-07:00,0,7
global.js,52,js,efec829c,owen-m1ller,2025-04-18,14:27:55,-07:00,2025-04-18T14:27:55-07:00,0,44
global.js,53,js,efec829c,owen-m1ller,2025-04-18,14:27:55,-07:00,2025-04-18T14:27:55-07:00,0,35
global.js,54,js,efec829c,owen-m1ller,2025-04-18,14:27:55,-07:00,2025-04-18T14:27:55-07:00,0,33
global.js,55,js,efec829c,owen-m1ller,2025-04-18,14:27:55,-07:00,2025-04-18T14:27:55-07:00,0,8
global.js,56,js,efec829c,owen-m1ller,2025-04-18,14:27:55,-07:00,2025-04-18T14:27:55-07:00,0,9
global.js,57,js,efec829c,owen-m1ller,2025-04-18,14:27:55,-07:00,2025-04-18T14:27:55-07:00,0,1
global.js,58,js,efec829c,owen-m1ller,2025-04-18,14:27:55,-07:00,2025-04-18T14:27:55-07:00,0,0
global.js,59,js,efec829c,owen-m1ller,2025-04-18,14:27:55,-07:00,2025-04-18T14:27:55-07:00,0,44
global.js,60,js,efec829c,owen-m1ller,2025-04-18,14:27:55,-07:00,2025-04-18T14:27:55-07:00,0,50
global.js,61,js,efec829c,owen-m1ller,2025-04-18,14:27:55,-07:00,2025-04-18T14:27:55-07:00,0,78
global.js,62,js,efec829c,owen-m1ller,2025-04-18,14:27:55,-07:00,2025-04-18T14:27:55-07:00,0,45
global.js,63,js,efec829c,owen-m1ller,2025-04-18,14:27:55,-07:00,2025-04-18T14:27:55-07:00,0,2
global.js,64,js,efec829c,owen-m1ller,2025-04-18,14:27:55,-07:00,2025-04-18T14:27:55-07:00,0,0
global.js,65,js,efec829c,owen-m1ller,2025-04-18,14:27:55,-07:00,2025-04-18T14:27:55-07:00,0,30
global.js,66,js,efec829c,owen-m1ller,2025-04-18,14:27:55,-07:00,2025-04-18T14:27:55-07:00,0,84
global.js,67,js,7b0e6903,owen-m1ller,2025-04-25,23:08:25,-07:00,2025-04-25T23:08:25-07:00,0,0
global.js,68,js,7b0e6903,owen-m1ller,2025-04-25,23:08:25,-07:00,2025-04-25T23:08:25-07:00,0,0
global.js,69,js,7b0e6903,owen-m1ller,2025-04-25,23:08:25,-07:00,2025-04-25T23:08:25-07:00,0,7
global.js,70,js,7b0e6903,owen-m1ller,2025-04-25,23:08:25,-07:00,2025-04-25T23:08:25-07:00,0,0
global.js,71,js,7b0e6903,owen-m1ller,2025-04-25,23:08:25,-07:00,2025-04-25T23:08:25-07:00,0,37
global.js,72,js,7b0e6903,owen-m1ller,2025-04-25,23:08:25,-07:00,2025-04-25T23:08:25-07:00,0,4
global.js,73,js,7b0e6903,owen-m1ller,2025-04-25,23:08:25,-07:00,2025-04-25T23:08:25-07:00,0,40
global.js,74,js,7b0e6903,owen-m1ller,2025-04-25,23:08:25,-07:00,2025-04-25T23:08:25-07:00,0,33
global.js,75,js,7b0e6903,owen-m1ller,2025-04-25,23:08:25,-07:00,2025-04-25T23:08:25-07:00,0,18
global.js,76,js,7b0e6903,owen-m1ller,2025-04-25,23:08:25,-07:00,2025-04-25T23:08:25-07:00,0,67
global.js,77,js,7b0e6903,owen-m1ller,2025-04-25,23:08:25,-07:00,2025-04-25T23:08:25-07:00,0,0
global.js,78,js,7b0e6903,owen-m1ller,2025-04-25,23:08:25,-07:00,2025-04-25T23:08:25-07:00,0,34
global.js,79,js,7b0e6903,owen-m1ller,2025-04-25,23:08:25,-07:00,2025-04-25T23:08:25-07:00,0,11
global.js,80,js,7b0e6903,owen-m1ller,2025-04-25,23:08:25,-07:00,2025-04-25T23:08:25-07:00,0,18
global.js,81,js,7b0e6903,owen-m1ller,2025-04-25,23:08:25,-07:00,2025-04-25T23:08:25-07:00,0,60
global.js,82,js,7b0e6903,owen-m1ller,2025-04-25,23:08:25,-07:00,2025-04-25T23:08:25-07:00,0,0
global.js,83,js,7b0e6903,owen-m1ller,2025-04-25,23:08:25,-07:00,2025-04-25T23:08:25-07:00,0,0
global.js,84,js,7b0e6903,owen-m1ller,2025-04-25,23:08:25,-07:00,2025-04-25T23:08:25-07:00,0,0
global.js,85,js,7b0e6903,owen-m1ller,2025-04-25,23:08:25,-07:00,2025-04-25T23:08:25-07:00,0,0
global.js,86,js,7b0e6903,owen-m1ller,2025-04-25,23:08:25,-07:00,2025-04-25T23:08:25-07:00,0,77
global.js,87,js,7b0e6903,owen-m1ller,2025-04-25,23:08:25,-07:00,2025-04-25T23:08:25-07:00,0,24
global.js,88,js,7b0e6903,owen-m1ller,2025-04-25,23:08:25,-07:00,2025-04-25T23:08:25-07:00,0,31
global.js,89,js,7b0e6903,owen-m1ller,2025-04-25,23:08:25,-07:00,2025-04-25T23:08:25-07:00,0,26
global.js,90,js,7b0e6903,owen-m1ller,2025-04-25,23:08:25,-07:00,2025-04-25T23:08:25-07:00,0,16
global.js,91,js,7b0e6903,owen-m1ller,2025-04-25,23:08:25,-07:00,2025-04-25T23:08:25-07:00,0,49
global.js,92,js,7b0e6903,owen-m1ller,2025-04-25,23:08:25,-07:00,2025-04-25T23:08:25-07:00,0,20
global.js,93,js,7b0e6903,owen-m1ller,2025-04-25,23:08:25,-07:00,2025-04-25T23:08:25-07:00,0,48
global.js,94,js,7b0e6903,owen-m1ller,2025-04-25,23:08:25,-07:00,2025-04-25T23:08:25-07:00,0,46
global.js,95,js,7b0e6903,owen-m1ller,2025-04-25,23:08:25,-07:00,2025-04-25T23:08:25-07:00,0,26
global.js,96,js,7b0e6903,owen-m1ller,2025-04-25,23:08:25,-07:00,2025-04-25T23:08:25-07:00,0,1
global.js,97,js,7b0e6903,owen-m1ller,2025-04-25,23:08:25,-07:00,2025-04-25T23:08:25-07:00,0,37
global.js,98,js,7b0e6903,owen-m1ller,2025-04-25,23:08:25,-07:00,2025-04-25T23:08:25-07:00,0,0
global.js,99,js,7b0e6903,owen-m1ller,2025-04-25,23:08:25,-07:00,2025-04-25T23:08:25-07:00,0,0
global.js,100,js,7b0e6903,owen-m1ller,2025-04-25,23:08:25,-07:00,2025-04-25T23:08:25-07:00,0,0
global.js,101,js,7b0e6903,owen-m1ller,2025-04-25,23:08:25,-07:00,2025-04-25T23:08:25-07:00,0,79
global.js,102,js,7b0e6903,owen-m1ller,2025-04-25,23:08:25,-07:00,2025-04-25T23:08:25-07:00,0,31
global.js,103,js,7b0e6903,owen-m1ller,2025-04-25,23:08:25,-07:00,2025-04-25T23:08:25-07:00,0,52
global.js,104,js,7b0e6903,owen-m1ller,2025-04-25,23:08:25,-07:00,2025-04-25T23:08:25-07:00,0,56
global.js,105,js,7b0e6903,owen-m1ller,2025-04-25,23:08:25,-07:00,2025-04-25T23:08:25-07:00,0,44
global.js,106,js,7b0e6903,owen-m1ller,2025-04-25,23:08:25,-07:00,2025-04-25T23:08:25-07:00,0,36
global.js,107,js,7b0e6903,owen-m1ller,2025-04-25,23:08:25,-07:00,2025-04-25T23:08:25-07:00,0,0
global.js,108,js,7b0e6903,owen-m1ller,2025-04-25,23:08:25,-07:00,2025-04-25T23:08:25-07:00,0,0
global.js,109,js,7b0e6903,owen-m1ller,2025-04-25,23:08:25,-07:00,2025-04-25T23:08:25-07:00,0,48
global.js,110,js,7b0e6903,owen-m1ller,2025-04-25,23:08:25,-07:00,2025-04-25T23:08:25-07:00,0,60
global.js,111,js,7b0e6903,owen-m1ller,2025-04-25,23:08:25,-07:00,2025-04-25T23:08:25-07:00,0,0
global.js,112,js,7b0e6903,owen-m1ller,2025-04-25,23:08:25,-07:00,2025-04-25T23:08:25-07:00,0,0
global.js,113,js,7b0e6903,owen-m1ller,2025-04-25,23:08:25,-07:00,2025-04-25T23:08:25-07:00,0,0
resume/index.html,1,html,345d7166,owen-m1ller,2025-04-11,15:58:33,-07:00,2025-04-11T15:58:33-07:00,0,14
resume/index.html,2,html,345d7166,owen-m1ller,2025-04-11,15:58:33,-07:00,2025-04-11T15:58:33-07:00,0,15
resume/index.html,3,html,345d7166,owen-m1ller,2025-04-11,15:58:33,-07:00,2025-04-11T15:58:33-07:00,0,5
resume/index.html,4,html,345d7166,owen-m1ller,2025-04-11,15:58:33,-07:00,2025-04-11T15:58:33-07:00,0,32
resume/index.html,5,html,9b254fb8,owen-m1ller,2025-04-11,17:14:42,-07:00,2025-04-11T17:14:42-07:00,0,43
resume/index.html,6,html,345d7166,owen-m1ller,2025-04-11,15:58:33,-07:00,2025-04-11T15:58:33-07:00,0,0
resume/index.html,7,html,345d7166,owen-m1ller,2025-04-11,15:58:33,-07:00,2025-04-11T15:58:33-07:00,0,6
resume/index.html,8,html,345d7166,owen-m1ller,2025-04-11,15:58:33,-07:00,2025-04-11T15:58:33-07:00,0,5
resume/index.html,9,html,9b254fb8,owen-m1ller,2025-04-11,17:14:42,-07:00,2025-04-11T17:14:42-07:00,0,19
resume/index.html,10,html,345d7166,owen-m1ller,2025-04-11,15:58:33,-07:00,2025-04-11T15:58:33-07:00,0,8
resume/index.html,11,html,345d7166,owen-m1ller,2025-04-11,15:58:33,-07:00,2025-04-11T15:58:33-07:00,0,19
resume/index.html,12,html,345d7166,owen-m1ller,2025-04-11,15:58:33,-07:00,2025-04-11T15:58:33-07:00,0,81
resume/index.html,13,html,345d7166,owen-m1ller,2025-04-11,15:58:33,-07:00,2025-04-11T15:58:33-07:00,0,29
resume/index.html,14,html,345d7166,owen-m1ller,2025-04-11,15:58:33,-07:00,2025-04-11T15:58:33-07:00,0,17
resume/index.html,15,html,345d7166,owen-m1ller,2025-04-11,15:58:33,-07:00,2025-04-11T15:58:33-07:00,0,41
resume/index.html,16,html,345d7166,owen-m1ller,2025-04-11,15:58:33,-07:00,2025-04-11T15:58:33-07:00,0,53
resume/index.html,17,html,345d7166,owen-m1ller,2025-04-11,15:58:33,-07:00,2025-04-11T15:58:33-07:00,0,63
resume/index.html,18,html,345d7166,owen-m1ller,2025-04-11,15:58:33,-07:00,2025-04-11T15:58:33-07:00,0,37
resume/index.html,19,html,345d7166,owen-m1ller,2025-04-11,15:58:33,-07:00,2025-04-11T15:58:33-07:00,0,28
resume/index.html,20,html,345d7166,owen-m1ller,2025-04-11,15:58:33,-07:00,2025-04-11T15:58:33-07:00,0,3
resume/index.html,21,html,345d7166,owen-m1ller,2025-04-11,15:58:33,-07:00,2025-04-11T15:58:33-07:00,0,27
resume/index.html,22,html,345d7166,owen-m1ller,2025-04-11,15:58:33,-07:00,2025-04-11T15:58:33-07:00,0,38
resume/index.html,23,html,345d7166,owen-m1ller,2025-04-11,15:58:33,-07:00,2025-04-11T15:58:33-07:00,0,51
resume/index.html,24,html,345d7166,owen-m1ller,2025-04-11,15:58:33,-07:00,2025-04-11T15:58:33-07:00,0,38
resume/index.html,25,html,345d7166,owen-m1ller,2025-04-11,15:58:33,-07:00,2025-04-11T15:58:33-07:00,0,31
resume/index.html,26,html,345d7166,owen-m1ller,2025-04-11,15:58:33,-07:00,2025-04-11T15:58:33-07:00,0,21
resume/index.html,27,html,345d7166,owen-m1ller,2025-04-11,15:58:33,-07:00,2025-04-11T15:58:33-07:00,0,20
resume/index.html,28,html,345d7166,owen-m1ller,2025-04-11,15:58:33,-07:00,2025-04-11T15:58:33-07:00,0,24
resume/index.html,29,html,345d7166,owen-m1ller,2025-04-11,15:58:33,-07:00,2025-04-11T15:58:33-07:00,0,35
resume/index.html,30,html,345d7166,owen-m1ller,2025-04-11,15:58:33,-07:00,2025-04-11T15:58:33-07:00,0,4
resume/index.html,31,html,345d7166,owen-m1ller,2025-04-11,15:58:33,-07:00,2025-04-11T15:58:33-07:00,0,14
resume/index.html,32,html,345d7166,owen-m1ller,2025-04-11,15:58:33,-07:00,2025-04-11T15:58:33-07:00,0,18
resume/index.html,33,html,345d7166,owen-m1ller,2025-04-11,15:58:33,-07:00,2025-04-11T15:58:33-07:00,0,29
resume/index.html,34,html,345d7166,owen-m1ller,2025-04-11,15:58:33,-07:00,2025-04-11T15:58:33-07:00,0,14
resume/index.html,35,html,345d7166,owen-m1ller,2025-04-11,15:58:33,-07:00,2025-04-11T15:58:33-07:00,0,125
resume/index.html,36,html,345d7166,owen-m1ller,2025-04-11,15:58:33,-07:00,2025-04-11T15:58:33-07:00,0,17
resume/index.html,37,html,345d7166,owen-m1ller,2025-04-11,15:58:33,-07:00,2025-04-11T15:58:33-07:00,0,3
resume/index.html,38,html,345d7166,owen-m1ller,2025-04-11,15:58:33,-07:00,2025-04-11T15:58:33-07:00,0,35
resume/index.html,39,html,345d7166,owen-m1ller,2025-04-11,15:58:33,-07:00,2025-04-11T15:58:33-07:00,0,80
resume/index.html,40,html,345d7166,owen-m1ller,2025-04-11,15:58:33,-07:00,2025-04-11T15:58:33-07:00,0,57
resume/index.html,41,html,345d7166,owen-m1ller,2025-04-11,15:58:33,-07:00,2025-04-11T15:58:33-07:00,0,46
resume/index.html,42,html,345d7166,owen-m1ller,2025-04-11,15:58:33,-07:00,2025-04-11T15:58:33-07:00,0,54
resume/index.html,43,html,345d7166,owen-m1ller,2025-04-11,15:58:33,-07:00,2025-04-11T15:58:33-07:00,0,52
resume/index.html,44,html,345d7166,owen-m1ller,2025-04-11,15:58:33,-07:00,2025-04-11T15:58:33-07:00,0,39
resume/index.html,45,html,345d7166,owen-m1ller,2025-04-11,15:58:33,-07:00,2025-04-11T15:58:33-07:00,0,4
resume/index.html,46,html,345d7166,owen-m1ller,2025-04-11,15:58:33,-07:00,2025-04-11T15:58:33-07:00,0,9
resume/index.html,47,html,345d7166,owen-m1ller,2025-04-11,15:58:33,-07:00,2025-04-11T15:58:33-07:00,0,0
resume/index.html,48,html,345d7166,owen-m1ller,2025-04-11,15:58:33,-07:00,2025-04-11T15:58:33-07:00,0,8
resume/index.html,49,html,345d7166,owen-m1ller,2025-04-11,15:58:33,-07:00,2025-04-11T15:58:33-07:00,0,18
resume/index.html,50,html,345d7166,owen-m1ller,2025-04-11,15:58:33,-07:00,2025-04-11T15:58:33-07:00,0,44
resume/index.html,51,html,345d7166,owen-m1ller,2025-04-11,15:58:33,-07:00,2025-04-11T15:58:33-07:00,0,47
resume/index.html,52,html,345d7166,owen-m1ller,2025-04-11,15:58:33,-07:00,2025-04-11T15:58:33-07:00,0,45
resume/index.html,53,html,345d7166,owen-m1ller,2025-04-11,15:58:33,-07:00,2025-04-11T15:58:33-07:00,0,3
resume/index.html,54,html,345d7166,owen-m1ller,2025-04-11,15:58:33,-07:00,2025-04-11T15:58:33-07:00,0,160
resume/index.html,55,html,345d7166,owen-m1ller,2025-04-11,15:58:33,-07:00,2025-04-11T15:58:33-07:00,0,105
resume/index.html,56,html,345d7166,owen-m1ller,2025-04-11,15:58:33,-07:00,2025-04-11T15:58:33-07:00,0,99
resume/index.html,57,html,345d7166,owen-m1ller,2025-04-11,15:58:33,-07:00,2025-04-11T15:58:33-07:00,0,35
resume/index.html,58,html,345d7166,owen-m1ller,2025-04-11,15:58:33,-07:00,2025-04-11T15:58:33-07:00,0,4
resume/index.html,59,html,345d7166,owen-m1ller,2025-04-11,15:58:33,-07:00,2025-04-11T15:58:33-07:00,0,0
resume/index.html,60,html,345d7166,owen-m1ller,2025-04-11,15:58:33,-07:00,2025-04-11T15:58:33-07:00,0,42
resume/index.html,61,html,345d7166,owen-m1ller,2025-04-11,15:58:33,-07:00,2025-04-11T15:58:33-07:00,0,42
resume/index.html,62,html,345d7166,owen-m1ller,2025-04-11,15:58:33,-07:00,2025-04-11T15:58:33-07:00,0,17
resume/index.html,63,html,345d7166,owen-m1ller,2025-04-11,15:58:33,-07:00,2025-04-11T15:58:33-07:00,0,3
resume/index.html,64,html,345d7166,owen-m1ller,2025-04-11,15:58:33,-07:00,2025-04-11T15:58:33-07:00,0,257
resume/index.html,65,html,345d7166,owen-m1ller,2025-04-11,15:58:33,-07:00,2025-04-11T15:58:33-07:00,0,113
resume/index.html,66,html,345d7166,owen-m1ller,2025-04-11,15:58:33,-07:00,2025-04-11T15:58:33-07:00,0,62
resume/index.html,67,html,345d7166,owen-m1ller,2025-04-11,15:58:33,-07:00,2025-04-11T15:58:33-07:00,0,4
resume/index.html,68,html,345d7166,owen-m1ller,2025-04-11,15:58:33,-07:00,2025-04-11T15:58:33-07:00,0,0
resume/index.html,69,html,345d7166,owen-m1ller,2025-04-11,15:58:33,-07:00,2025-04-11T15:58:33-07:00,0,16
resume/index.html,70,html,345d7166,owen-m1ller,2025-04-11,15:58:33,-07:00,2025-04-11T15:58:33-07:00,0,30
resume/index.html,71,html,345d7166,owen-m1ller,2025-04-11,15:58:33,-07:00,2025-04-11T15:58:33-07:00,0,3
resume/index.html,72,html,345d7166,owen-m1ller,2025-04-11,15:58:33,-07:00,2025-04-11T15:58:33-07:00,0,187
resume/index.html,73,html,345d7166,owen-m1ller,2025-04-11,15:58:33,-07:00,2025-04-11T15:58:33-07:00,0,112
resume/index.html,74,html,345d7166,owen-m1ller,2025-04-11,15:58:33,-07:00,2025-04-11T15:58:33-07:00,0,128
resume/index.html,75,html,345d7166,owen-m1ller,2025-04-11,15:58:33,-07:00,2025-04-11T15:58:33-07:00,0,4
resume/index.html,76,html,345d7166,owen-m1ller,2025-04-11,15:58:33,-07:00,2025-04-11T15:58:33-07:00,0,0
resume/index.html,77,html,345d7166,owen-m1ller,2025-04-11,15:58:33,-07:00,2025-04-11T15:58:33-07:00,0,50
resume/index.html,78,html,345d7166,owen-m1ller,2025-04-11,15:58:33,-07:00,2025-04-11T15:58:33-07:00,0,3
resume/index.html,79,html,345d7166,owen-m1ller,2025-04-11,15:58:33,-07:00,2025-04-11T15:58:33-07:00,0,146
resume/index.html,80,html,345d7166,owen-m1ller,2025-04-11,15:58:33,-07:00,2025-04-11T15:58:33-07:00,0,91
resume/index.html,81,html,345d7166,owen-m1ller,2025-04-11,15:58:33,-07:00,2025-04-11T15:58:33-07:00,0,109
resume/index.html,82,html,345d7166,owen-m1ller,2025-04-11,15:58:33,-07:00,2025-04-11T15:58:33-07:00,0,4
resume/index.html,83,html,345d7166,owen-m1ller,2025-04-11,15:58:33,-07:00,2025-04-11T15:58:33-07:00,0,9
resume/index.html,84,html,9b254fb8,owen-m1ller,2025-04-11,17:14:42,-07:00,2025-04-11T17:14:42-07:00,0,5
resume/index.html,85,html,84e99fcd,owen-m1ller,2025-04-18,13:32:22,-07:00,2025-04-18T13:32:22-07:00,0,0
resume/index.html,86,html,84e99fcd,owen-m1ller,2025-04-18,13:32:22,-07:00,2025-04-18T13:32:22-07:00,0,49
resume/index.html,87,html,84e99fcd,owen-m1ller,2025-04-18,13:32:22,-07:00,2025-04-18T13:32:22-07:00,0,0
resume/index.html,88,html,345d7166,owen-m1ller,2025-04-11,15:58:33,-07:00,2025-04-11T15:58:33-07:00,0,6
resume/index.html,89,html,345d7166,owen-m1ller,2025-04-11,15:58:33,-07:00,2025-04-11T15:58:33-07:00,0,6
projects/projects.js,1,js,7b0e6903,owen-m1ller,2025-04-25,23:08:25,-07:00,2025-04-25T23:08:25-07:00,0,76
projects/projects.js,2,js,7b0e6903,owen-m1ller,2025-04-25,23:08:25,-07:00,2025-04-25T23:08:25-07:00,0,0
projects/projects.js,3,js,7b0e6903,owen-m1ller,2025-04-25,23:08:25,-07:00,2025-04-25T23:08:25-07:00,0,56
projects/projects.js,4,js,7b0e6903,owen-m1ller,2025-04-25,23:08:25,-07:00,2025-04-25T23:08:25-07:00,0,61
projects/projects.js,5,js,7b0e6903,owen-m1ller,2025-04-25,23:08:25,-07:00,2025-04-25T23:08:25-07:00,0,49
projects/projects.js,6,js,7b0e6903,owen-m1ller,2025-04-25,23:08:25,-07:00,2025-04-25T23:08:25-07:00,0,0
projects/projects.js,7,js,7b0e6903,owen-m1ller,2025-04-25,23:08:25,-07:00,2025-04-25T23:08:25-07:00,0,70
projects/projects.js,8,js,7b0e6903,owen-m1ller,2025-04-25,23:08:25,-07:00,2025-04-25T23:08:25-07:00,0,59
projects/index.html,1,html,345d7166,owen-m1ller,2025-04-11,15:58:33,-07:00,2025-04-11T15:58:33-07:00,0,14
projects/index.html,2,html,345d7166,owen-m1ller,2025-04-11,15:58:33,-07:00,2025-04-11T15:58:33-07:00,0,15
projects/index.html,3,html,345d7166,owen-m1ller,2025-04-11,15:58:33,-07:00,2025-04-11T15:58:33-07:00,0,5
projects/index.html,4,html,345d7166,owen-m1ller,2025-04-11,15:58:33,-07:00,2025-04-11T15:58:33-07:00,0,21
projects/index.html,5,html,345d7166,owen-m1ller,2025-04-11,15:58:33,-07:00,2025-04-11T15:58:33-07:00,0,69
projects/index.html,6,html,345d7166,owen-m1ller,2025-04-11,15:58:33,-07:00,2025-04-11T15:58:33-07:00,0,22
projects/index.html,7,html,9b254fb8,owen-m1ller,2025-04-11,17:14:42,-07:00,2025-04-11T17:14:42-07:00,0,43
projects/index.html,8,html,7b0e6903,owen-m1ller,2025-04-25,23:08:25,-07:00,2025-04-25T23:08:25-07:00,0,49
projects/index.html,9,html,7b0e6903,owen-m1ller,2025-04-25,23:08:25,-07:00,2025-04-25T23:08:25-07:00,0,48
projects/index.html,10,html,345d7166,owen-m1ller,2025-04-11,15:58:33,-07:00,2025-04-11T15:58:33-07:00,0,6
projects/index.html,11,html,345d7166,owen-m1ller,2025-04-11,15:58:33,-07:00,2025-04-11T15:58:33-07:00,0,5
projects/index.html,12,html,7b0e6903,owen-m1ller,2025-04-25,23:08:25,-07:00,2025-04-25T23:08:25-07:00,0,0
projects/index.html,13,html,7b0e6903,owen-m1ller,2025-04-25,23:08:25,-07:00,2025-04-25T23:08:25-07:00,0,26
projects/index.html,14,html,7b0e6903,owen-m1ller,2025-04-25,23:08:25,-07:00,2025-04-25T23:08:25-07:00,0,5
projects/index.html,15,html,9b254fb8,owen-m1ller,2025-04-11,17:14:42,-07:00,2025-04-11T17:14:42-07:00,0,21
projects/index.html,16,html,7b0e6903,owen-m1ller,2025-04-25,23:08:25,-07:00,2025-04-25T23:08:25-07:00,0,13
projects/index.html,17,html,9b254fb8,owen-m1ller,2025-04-11,17:14:42,-07:00,2025-04-11T17:14:42-07:00,0,30
projects/index.html,18,html,9b254fb8,owen-m1ller,2025-04-11,17:14:42,-07:00,2025-04-11T17:14:42-07:00,0,71
projects/index.html,19,html,9b254fb8,owen-m1ller,2025-04-11,17:14:42,-07:00,2025-04-11T17:14:42-07:00,0,227
projects/index.html,20,html,9b254fb8,owen-m1ller,2025-04-11,17:14:42,-07:00,2025-04-11T17:14:42-07:00,0,9
projects/index.html,21,html,9b254fb8,owen-m1ller,2025-04-11,17:14:42,-07:00,2025-04-11T17:14:42-07:00,0,8
projects/index.html,22,html,9b254fb8,owen-m1ller,2025-04-11,17:14:42,-07:00,2025-04-11T17:14:42-07:00,0,41
projects/index.html,23,html,9b254fb8,owen-m1ller,2025-04-11,17:14:42,-07:00,2025-04-11T17:14:42-07:00,0,71
projects/index.html,24,html,9b254fb8,owen-m1ller,2025-04-11,17:14:42,-07:00,2025-04-11T17:14:42-07:00,0,216
projects/index.html,25,html,9b254fb8,owen-m1ller,2025-04-11,17:14:42,-07:00,2025-04-11T17:14:42-07:00,0,9
projects/index.html,26,html,9b254fb8,owen-m1ller,2025-04-11,17:14:42,-07:00,2025-04-11T17:14:42-07:00,0,8
projects/index.html,27,html,9b254fb8,owen-m1ller,2025-04-11,17:14:42,-07:00,2025-04-11T17:14:42-07:00,0,36
projects/index.html,28,html,9b254fb8,owen-m1ller,2025-04-11,17:14:42,-07:00,2025-04-11T17:14:42-07:00,0,71
projects/index.html,29,html,9b254fb8,owen-m1ller,2025-04-11,17:14:42,-07:00,2025-04-11T17:14:42-07:00,0,233
projects/index.html,30,html,9b254fb8,owen-m1ller,2025-04-11,17:14:42,-07:00,2025-04-11T17:14:42-07:00,0,9
projects/index.html,31,html,9b254fb8,owen-m1ller,2025-04-11,17:14:42,-07:00,2025-04-11T17:14:42-07:00,0,8
projects/index.html,32,html,9b254fb8,owen-m1ller,2025-04-11,17:14:42,-07:00,2025-04-11T17:14:42-07:00,0,40
projects/index.html,33,html,9b254fb8,owen-m1ller,2025-04-11,17:14:42,-07:00,2025-04-11T17:14:42-07:00,0,71
projects/index.html,34,html,9b254fb8,owen-m1ller,2025-04-11,17:14:42,-07:00,2025-04-11T17:14:42-07:00,0,215
projects/index.html,35,html,9b254fb8,owen-m1ller,2025-04-11,17:14:42,-07:00,2025-04-11T17:14:42-07:00,0,9
projects/index.html,36,html,9b254fb8,owen-m1ller,2025-04-11,17:14:42,-07:00,2025-04-11T17:14:42-07:00,0,8
projects/index.html,37,html,9b254fb8,owen-m1ller,2025-04-11,17:14:42,-07:00,2025-04-11T17:14:42-07:00,0,34
projects/index.html,38,html,9b254fb8,owen-m1ller,2025-04-11,17:14:42,-07:00,2025-04-11T17:14:42-07:00,0,71
projects/index.html,39,html,9b254fb8,owen-m1ller,2025-04-11,17:14:42,-07:00,2025-04-11T17:14:42-07:00,0,220
projects/index.html,40,html,9b254fb8,owen-m1ller,2025-04-11,17:14:42,-07:00,2025-04-11T17:14:42-07:00,0,9
projects/index.html,41,html,9b254fb8,owen-m1ller,2025-04-11,17:14:42,-07:00,2025-04-11T17:14:42-07:00,0,8
projects/index.html,42,html,9b254fb8,owen-m1ller,2025-04-11,17:14:42,-07:00,2025-04-11T17:14:42-07:00,0,34
projects/index.html,43,html,9b254fb8,owen-m1ller,2025-04-11,17:14:42,-07:00,2025-04-11T17:14:42-07:00,0,71
projects/index.html,44,html,9b254fb8,owen-m1ller,2025-04-11,17:14:42,-07:00,2025-04-11T17:14:42-07:00,0,230
projects/index.html,45,html,9b254fb8,owen-m1ller,2025-04-11,17:14:42,-07:00,2025-04-11T17:14:42-07:00,0,9
projects/index.html,46,html,9b254fb8,owen-m1ller,2025-04-11,17:14:42,-07:00,2025-04-11T17:14:42-07:00,0,8
projects/index.html,47,html,9b254fb8,owen-m1ller,2025-04-11,17:14:42,-07:00,2025-04-11T17:14:42-07:00,0,39
projects/index.html,48,html,9b254fb8,owen-m1ller,2025-04-11,17:14:42,-07:00,2025-04-11T17:14:42-07:00,0,71
projects/index.html,49,html,9b254fb8,owen-m1ller,2025-04-11,17:14:42,-07:00,2025-04-11T17:14:42-07:00,0,228
projects/index.html,50,html,9b254fb8,owen-m1ller,2025-04-11,17:14:42,-07:00,2025-04-11T17:14:42-07:00,0,9
projects/index.html,51,html,9b254fb8,owen-m1ller,2025-04-11,17:14:42,-07:00,2025-04-11T17:14:42-07:00,0,8
projects/index.html,52,html,9b254fb8,owen-m1ller,2025-04-11,17:14:42,-07:00,2025-04-11T17:14:42-07:00,0,32
projects/index.html,53,html,9b254fb8,owen-m1ller,2025-04-11,17:14:42,-07:00,2025-04-11T17:14:42-07:00,0,71
projects/index.html,54,html,9b254fb8,owen-m1ller,2025-04-11,17:14:42,-07:00,2025-04-11T17:14:42-07:00,0,212
projects/index.html,55,html,9b254fb8,owen-m1ller,2025-04-11,17:14:42,-07:00,2025-04-11T17:14:42-07:00,0,9
projects/index.html,56,html,9b254fb8,owen-m1ller,2025-04-11,17:14:42,-07:00,2025-04-11T17:14:42-07:00,0,8
projects/index.html,57,html,9b254fb8,owen-m1ller,2025-04-11,17:14:42,-07:00,2025-04-11T17:14:42-07:00,0,41
projects/index.html,58,html,9b254fb8,owen-m1ller,2025-04-11,17:14:42,-07:00,2025-04-11T17:14:42-07:00,0,71
projects/index.html,59,html,9b254fb8,owen-m1ller,2025-04-11,17:14:42,-07:00,2025-04-11T17:14:42-07:00,0,221
projects/index.html,60,html,9b254fb8,owen-m1ller,2025-04-11,17:14:42,-07:00,2025-04-11T17:14:42-07:00,0,9
projects/index.html,61,html,9b254fb8,owen-m1ller,2025-04-11,17:14:42,-07:00,2025-04-11T17:14:42-07:00,0,8
projects/index.html,62,html,9b254fb8,owen-m1ller,2025-04-11,17:14:42,-07:00,2025-04-11T17:14:42-07:00,0,34
projects/index.html,63,html,9b254fb8,owen-m1ller,2025-04-11,17:14:42,-07:00,2025-04-11T17:14:42-07:00,0,71
projects/index.html,64,html,9b254fb8,owen-m1ller,2025-04-11,17:14:42,-07:00,2025-04-11T17:14:42-07:00,0,235
projects/index.html,65,html,9b254fb8,owen-m1ller,2025-04-11,17:14:42,-07:00,2025-04-11T17:14:42-07:00,0,9
projects/index.html,66,html,9b254fb8,owen-m1ller,2025-04-11,17:14:42,-07:00,2025-04-11T17:14:42-07:00,0,8
projects/index.html,67,html,9b254fb8,owen-m1ller,2025-04-11,17:14:42,-07:00,2025-04-11T17:14:42-07:00,0,47
projects/index.html,68,html,9b254fb8,owen-m1ller,2025-04-11,17:14:42,-07:00,2025-04-11T17:14:42-07:00,0,71
projects/index.html,69,html,9b254fb8,owen-m1ller,2025-04-11,17:14:42,-07:00,2025-04-11T17:14:42-07:00,0,217
projects/index.html,70,html,9b254fb8,owen-m1ller,2025-04-11,17:14:42,-07:00,2025-04-11T17:14:42-07:00,0,9
projects/index.html,71,html,9b254fb8,owen-m1ller,2025-04-11,17:14:42,-07:00,2025-04-11T17:14:42-07:00,0,8
projects/index.html,72,html,9b254fb8,owen-m1ller,2025-04-11,17:14:42,-07:00,2025-04-11T17:14:42-07:00,0,32
projects/index.html,73,html,9b254fb8,owen-m1ller,2025-04-11,17:14:42,-07:00,2025-04-11T17:14:42-07:00,0,71
projects/index.html,74,html,9b254fb8,owen-m1ller,2025-04-11,17:14:42,-07:00,2025-04-11T17:14:42-07:00,0,219
projects/index.html,75,html,7b0e6903,owen-m1ller,2025-04-25,23:08:25,-07:00,2025-04-25T23:08:25-07:00,0,13
projects/index.html,76,html,9b254fb8,owen-m1ller,2025-04-11,17:14:42,-07:00,2025-04-11T17:14:42-07:00,0,5
projects/index.html,77,html,9b254fb8,owen-m1ller,2025-04-11,17:14:42,-07:00,2025-04-11T17:14:42-07:00,0,0
projects/index.html,78,html,84e99fcd,owen-m1ller,2025-04-18,13:32:22,-07:00,2025-04-18T13:32:22-07:00,0,49
projects/index.html,79,html,345d7166,owen-m1ller,2025-04-11,15:58:33,-07:00,2025-04-11T15:58:33-07:00,0,0
projects/index.html,80,html,345d7166,owen-m1ller,2025-04-11,15:58:33,-07:00,2025-04-11T15:58:33-07:00,0,6
projects/index.html,81,html,345d7166,owen-m1ller,2025-04-11,15:58:33,-07:00,2025-04-11T15:58:33-07:00,0,6
contact/index.html,1,html,345d7166,owen-m1ller,2025-04-11,15:58:33,-07:00,2025-04-11T15:58:33-07:00,0,14
contact/index.html,2,html,345d7166,owen-m1ller,2025-04-11,15:58:33,-07:00,2025-04-11T15:58:33-07:00,0,15
contact/index.html,3,html,345d7166,owen-m1ller,2025-04-11,15:58:33,-07:00,2025-04-11T15:58:33-07:00,0,5
contact/index.html,4,html,345d7166,owen-m1ller,2025-04-11,15:58:33,-07:00,2025-04-11T15:58:33-07:00,0,21
contact/index.html,5,html,345d7166,owen-m1ller,2025-04-11,15:58:33,-07:00,2025-04-11T15:58:33-07:00,0,69
contact/index.html,6,html,345d7166,owen-m1ller,2025-04-11,15:58:33,-07:00,2025-04-11T15:58:33-07:00,0,21
contact/index.html,7,html,9b254fb8,owen-m1ller,2025-04-11,17:14:42,-07:00,2025-04-11T17:14:42-07:00,0,43
contact/index.html,8,html,345d7166,owen-m1ller,2025-04-11,15:58:33,-07:00,2025-04-11T15:58:33-07:00,0,6
contact/index.html,9,html,345d7166,owen-m1ller,2025-04-11,15:58:33,-07:00,2025-04-11T15:58:33-07:00,0,5
contact/index.html,10,html,345d7166,owen-m1ller,2025-04-11,15:58:33,-07:00,2025-04-11T15:58:33-07:00,0,3
contact/index.html,11,html,345d7166,owen-m1ller,2025-04-11,15:58:33,-07:00,2025-04-11T15:58:33-07:00,0,6
contact/index.html,12,html,345d7166,owen-m1ller,2025-04-11,15:58:33,-07:00,2025-04-11T15:58:33-07:00,0,4
contact/index.html,13,html,345d7166,owen-m1ller,2025-04-11,15:58:33,-07:00,2025-04-11T15:58:33-07:00,0,80
contact/index.html,14,html,345d7166,owen-m1ller,2025-04-11,15:58:33,-07:00,2025-04-11T15:58:33-07:00,0,6
contact/index.html,15,html,345d7166,owen-m1ller,2025-04-11,15:58:33,-07:00,2025-04-11T15:58:33-07:00,0,10
contact/index.html,16,html,345d7166,owen-m1ller,2025-04-11,15:58:33,-07:00,2025-04-11T15:58:33-07:00,0,32
contact/index.html,17,html,345d7166,owen-m1ller,2025-04-11,15:58:33,-07:00,2025-04-11T15:58:33-07:00,0,7
contact/index.html,18,html,345d7166,owen-m1ller,2025-04-11,15:58:33,-07:00,2025-04-11T15:58:33-07:00,0,6
contact/index.html,19,html,345d7166,owen-m1ller,2025-04-11,15:58:33,-07:00,2025-04-11T15:58:33-07:00,0,12
contact/index.html,20,html,345d7166,owen-m1ller,2025-04-11,15:58:33,-07:00,2025-04-11T15:58:33-07:00,0,21
contact/index.html,21,html,345d7166,owen-m1ller,2025-04-11,15:58:33,-07:00,2025-04-11T15:58:33-07:00,0,7
contact/index.html,22,html,345d7166,owen-m1ller,2025-04-11,15:58:33,-07:00,2025-04-11T15:58:33-07:00,0,6
contact/index.html,23,html,345d7166,owen-m1ller,2025-04-11,15:58:33,-07:00,2025-04-11T15:58:33-07:00,0,7
contact/index.html,24,html,345d7166,owen-m1ller,2025-04-11,15:58:33,-07:00,2025-04-11T15:58:33-07:00,0,21
contact/index.html,25,html,345d7166,owen-m1ller,2025-04-11,15:58:33,-07:00,2025-04-11T15:58:33-07:00,0,10
contact/index.html,26,html,345d7166,owen-m1ller,2025-04-11,15:58:33,-07:00,2025-04-11T15:58:33-07:00,0,7
contact/index.html,27,html,345d7166,owen-m1ller,2025-04-11,15:58:33,-07:00,2025-04-11T15:58:33-07:00,0,22
contact/index.html,28,html,345d7166,owen-m1ller,2025-04-11,15:58:33,-07:00,2025-04-11T15:58:33-07:00,0,6
contact/index.html,29,html,345d7166,owen-m1ller,2025-04-11,15:58:33,-07:00,2025-04-11T15:58:33-07:00,0,0
contact/index.html,30,html,345d7166,owen-m1ller,2025-04-11,15:58:33,-07:00,2025-04-11T15:58:33-07:00,0,6
contact/index.html,31,html,84e99fcd,owen-m1ller,2025-04-18,13:32:22,-07:00,2025-04-18T13:32:22-07:00,0,0
contact/index.html,32,html,84e99fcd,owen-m1ller,2025-04-18,13:32:22,-07:00,2025-04-18T13:32:22-07:00,0,49
contact/index.html,33,html,84e99fcd,owen-m1ller,2025-04-18,13:32:22,-07:00,2025-04-18T13:32:22-07:00,0,0
contact/index.html,34,html,345d7166,owen-m1ller,2025-04-11,15:58:33,-07:00,2025-04-11T15:58:33-07:00,0,6
